{
  "type": "minecraft:block",
  "functions": [
    {
      "function": "minecraft:explosion_decay"
    }
  ],
  "pools": [
    {
      "bonus_rolls": 0.0,
      "entries": [
        {
          "type": "minecraft:item",
          "name": "minecraft:golden_carrot"
        }
      ],
      "rolls": 1.0
    },
    {
      "bonus_rolls": 0.0,
      "conditions": [
        {
          "block": "plantable_golden_carrot:golden_carrots",
          "condition": "minecraft:block_state_property",
          "properties": {
            "age": "7"
          }
        }
      ],
      "entries": [
        {
          "type": "minecraft:item",
          "functions": [
            {
              "enchantment": "minecraft:fortune",
              "formula": "minecraft:binomial_with_bonus_count",
              "function": "minecraft:apply_bonus",
              "parameters": {
                "extra": 3,
                "probability": 0.5714286
              }
            }
          ],
          "name": "minecraft:golden_carrot"
        }
      ],
      "rolls": 1.0
    },
    {
      "bonus_rolls": 0.0,
      "conditions": [
        {
          "block": "plantable_golden_carrot:golden_carrots",
          "condition": "minecraft:block_state_property",
          "properties": {
            "age": "7"
          }
        }
      ],
      "entries": [
        {
          "type": "minecraft:item",
          "conditions": [
            {
              "chance": 0.90,
              "condition": "minecraft:random_chance"
            }
          ],
          "name": "plantable_golden_carrot:vitality_golden_carrot"
        }
      ],
      "rolls": 1.0
    }
  ],
  "random_sequence": "plantable_golden_carrot:blocks/golden_carrots"
}