{
  "variants": {
    "age=0": {
      "model": "plantable_golden_carrot:block/golden_carrots_stage0"
    },
    "age=1": {
      "model": "plantable_golden_carrot:block/golden_carrots_stage0"
    },
    "age=2": {
      "model": "plantable_golden_carrot:block/golden_carrots_stage1"
    },
    "age=3": {
      "model": "plantable_golden_carrot:block/golden_carrots_stage1"
    },
    "age=4": {
      "model": "plantable_golden_carrot:block/golden_carrots_stage2"
    },
    "age=5": {
      "model": "plantable_golden_carrot:block/golden_carrots_stage2"
    },
    "age=6": {
      "model": "plantable_golden_carrot:block/golden_carrots_stage3"
    },
    "age=7": {
      "model": "plantable_golden_carrot:block/golden_carrots_stage4"
    }
  }
}